month,M2,MCFTR,SMID,RGBITR,CORP,GOLD,CNY,USD,REALTY,DEPOSIT,SILVER,CPI,KEY_RATE
2012-12,27164.6,1718.76,946.657,312.73,224.16,1618.56,4.8741,30.3727,,100,29.44,1,5.5
2013-01,26348.7,1804.78,1000.02,317.4,227.26,1608.62,4.8273,30.0277,,100.458,29.99,1.00684,5.5
2013-02,26768.4,1740.77,965.968,318.12,228.66,1583.51,4.9173,30.6202,,100.919,28.3,1.01165,5.5
2013-03,27198.6,1685.17,886.729,317.43,229.63,1597.22,5.0059,31.0834,,101.381,28.62,1.01489,5.5
2013-04,27377.1,1623.44,837.644,327.7,232.06,1479.71,5.0699,31.2559,,101.846,24.14,1.02048,5.5
2013-05,27593.4,1581.61,820.638,317.92,233.32,1428.21,5.1525,31.5893,,102.313,22.71,1.02748,5.5
2013-06,28212.3,1559.49,811.559,313.72,233.59,1265.36,5.3259,32.709,,102.782,19.57,1.03217,5.5
2013-07,28443.9,1620.16,833.563,318.01,236.16,1398.2,5.3635,32.8901,,103.253,21.25,1.03668,5.5
2013-08,28499.9,1650.13,817.58,316.37,237.67,1488.75,5.4328,33.2474,,103.726,25.77,1.04344,5.5
2013-09,28352.6,1769.08,835.222,322.72,239.32,1374.25,5.2855,32.3451,,104.201,22.85,1.04899,5.5
2013-10,28276.4,1832.4,842.502,327.15,241.04,1391.06,5.2629,32.0613,,104.679,23,1.05589,5.5
2013-11,28873.3,1796.99,843.989,320.22,241.92,1328.85,5.447,33.1916,,105.159,21.09,1.06102,5.5
2013-12,31155.6,1827.3,896.842,324.62,243.91,1264.3,5.3993,32.7292,,105.641,20.96,1.06446,5.5
2014-01,29861.2,1767.81,861.853,319.26,244.74,1420.96,5.8202,35.2448,,106.125,22.3,1.06757,5.5
2014-02,30169,1762.73,861.104,320.33,245.99,1542.68,5.8814,36.0501,,106.611,25.32,1.07379,5.5
2014-03,29519.3,1670.71,787.71,314.88,244.02,1486.7,5.7485,35.6871,,107.1,22.58,1.0842,7
2014-04,29879.2,1594.65,780.312,310.69,244.25,1480.28,5.7062,35.6983,,107.725,22.5,1.09418,7.5
2014-05,29890.8,1748.53,877.86,320.01,245.56,1400.42,5.5629,34.7352,,108.398,21.05,1.10409,7.5
2014-06,30071.8,1822.28,901.835,324.81,248.02,1422.11,5.4088,33.6306,,109.076,22.52,1.11121,7.5
2014-07,30178.3,1745.97,862.748,314.99,248.74,1490.38,5.7835,35.7271,,109.757,23.71,1.1163,8
2014-08,30338.7,1772.68,893.374,313.7,248.92,1526.67,6.01,36.9316,,110.489,23.45,1.12378,8
2014-09,30297.6,1786.2,910.122,320.74,248.97,1542.05,6.4127,39.3866,,111.226,22.21,1.1342,8
2014-10,29831.2,1888.53,934.762,314.74,246.56,1682.21,7.0957,43.3943,,111.967,24,1.14368,8
2014-11,30141.9,1948.9,989.539,310.34,245.6,1878.31,8.0283,49.322,,112.714,26.04,1.15689,9.5
2014-12,31615.7,1793.6,950.357,278.02,240.43,2146.08,9.0707,56.2584,,113.606,28.94,1.18393,17
2015-01,31033.5,2116.23,1094.6,278.85,237.56,2800.07,11.0264,68.9291,,115.215,38.63,1.22565,17
2015-02,31224.9,2259.16,1194.44,288.21,243.58,2373.77,9.7728,61.2718,,116.847,33.13,1.25117,15
2015-03,31028.4,2088.61,1164.29,303.91,251.43,2231.92,9.4179,58.4643,,118.308,31.3,1.2658,14
2015-04,31696.9,2170.87,1207.24,322.31,259.63,2002.72,8.3401,51.7029,,119.688,27.39,1.27201,14
2015-05,31820.4,2079.22,1186.22,326.23,264.66,2027.34,8.5463,52.9716,,121.085,28.39,1.27692,12.5
2015-06,31936.3,2147.02,1173.51,325.2,267.7,2100.21,8.9428,55.524,,122.346,28.26,1.27991,11.5
2015-07,32046,2223.33,1193.5,332.02,270.47,2059.03,9.4998,58.9906,,123.518,27.77,1.28756,11.5
2015-08,32257.3,2308.81,1229.1,324.69,269.71,2405.55,10.4042,66.4779,,124.702,30.86,1.2984,11
2015-09,32052.5,2193.63,1215.72,332.82,273.43,2394.9,10.4082,66.2367,,125.845,31.01,1.3096,11
2015-10,32161,2290.99,1313.78,349.77,278.5,2375.47,10.189,64.3742,,126.999,32.74,1.31979,11
2015-11,32743.4,2370.66,1340.73,355.74,281.28,2267.32,10.359,66.2393,,128.163,30.43,1.32844,11
2015-12,35179.7,2372.49,1384.78,359.71,284.44,2502.1,11.2298,72.8827,,129.338,32.64,1.33554,11
2016-01,33935,2407.84,1332.6,356.91,286,2689.71,11.4277,75.1723,,130.523,32.82,1.3441,11
2016-02,34309.6,2482.38,1376.04,366.61,290.59,2971.89,11.487,75.0903,,131.72,36.6,1.35076,11
2016-03,34688.8,2524.17,1456.98,376.25,294.71,2691.39,10.4368,67.6076,,132.927,33.43,1.35659,11
2016-04,35103.6,2637.54,1485.64,381.46,298.72,2636.13,9.9226,64.3334,,134.146,36.93,1.36267,11
2016-05,35642.9,2567.88,1561.46,384.41,301.7,2584.04,10.0394,66.0825,,135.376,34.63,1.36851,11
2016-06,35856.9,2574.11,1631.66,393.18,305.34,2722.37,9.6695,64.2575,,136.616,37.62,1.37391,10.5
2016-07,36031.2,2715.15,1753.74,394.68,307.41,2872.53,10.0753,67.0512,,137.812,43.2,1.38125,10.5
2016-08,36145.6,2753.28,1847.71,401.39,310.58,2752.19,9.7169,64.9072,,139.018,39.19,1.38763,10.5
2016-09,36148.8,2765.79,1877.86,405.75,313.97,2682.09,9.4698,63.1581,,140.234,38.6,1.39342,10
2016-10,36051.1,2788.37,1944.81,402.94,311.28,2560.16,9.2782,62.9037,,141.403,35.61,1.39975,10
2016-11,36433,2949.91,2121.14,402.28,312.93,2479.11,9.4242,64.9449,,142.581,34.83,1.40434,10
2016-12,38417.7,3150.2,2207.8,413.58,316.32,2260.43,8.7282,60.6569,159647,143.769,31.32,1.40672,10
2017-01,38017.1,3129.53,2312.25,419.19,319.67,2301.46,8.7423,60.1618,157832,144.967,32.3,1.41168,10
2017-02,38462.6,2873.2,2140.76,418.54,322.43,2340.04,8.4317,57.9371,160328,146.175,34.03,1.4132,10
2017-03,38555.5,2816.93,2086.47,427.47,326.19,2267.37,8.1823,56.3779,159648,147.394,32.81,1.4148,9.75
2017-04,38664.1,2848.25,2119.67,434.76,330.49,2318.58,8.2614,56.9838,159315,148.591,31.9,1.41949,9.75
2017-05,39223.2,2689.52,1964.06,436.67,332.37,2294.58,8.2439,56.5168,156256,149.798,31.38,1.42517,9.25
2017-06,39623.1,2694.84,2005.18,438.73,335.43,2368.09,8.7171,59.0855,158540,150.953,31.97,1.43375,9
2017-07,39276.3,2823.28,2049.29,440.68,336.36,2411.34,8.8295,59.5436,158460,152.085,31.7,1.43457,9
2017-08,39419.7,2975.25,2108.03,446.6,339.02,2474.72,8.908,58.7306,155437,153.226,32.93,1.43305,9
2017-09,39572.4,3062.2,2130.6,452.44,342.46,2400.53,8.7366,58.0169,158432,154.375,31.45,1.43476,8.5
2017-10,39667.7,3054.91,2154.83,456.85,348.35,2368.1,8.7063,57.8716,158428,155.469,31.11,1.4379,8.25
2017-11,40114.5,3108.64,2077.34,460.31,349.9,2428.34,8.8407,58.3311,156166,156.537,32.01,1.43956,8.25
2017-12,42442.2,3144.34,2055.9,466.49,355.17,2400.97,8.845,57.6002,157586,157.614,31,1.4425,7.75
2018-01,41598.1,3414.71,2144.05,474.72,358.78,2435.46,8.8756,56.2914,157317,158.632,31.37,1.4433,7.75
2018-02,42046.2,3424.86,2159.6,482.41,364.92,2385.47,8.8272,55.6717,156981,159.656,29.84,1.44487,7.5
2018-03,42376.2,3386.59,2136.96,486.04,368.26,2437.35,9.1272,57.2649,156769,160.654,29.97,1.44874,7.25
2018-04,43122.6,3440.33,2092.21,482.82,368.17,2634.19,9.7895,61.9997,157889,161.624,32.95,1.45401,7.25
2018-05,43258,3441.38,2090.38,483.72,369.8,2613.35,9.7424,62.5937,157700,162.601,32.94,1.46011,7.25
2018-06,44126.7,3478.67,2067.55,477.91,369.44,2523.19,9.4751,62.7565,158864,163.583,32.34,1.46717,7.25
2018-07,43911.5,3598.97,1968.56,480.09,370.46,2466.63,9.1973,62.7805,159751,164.572,31.27,1.47122,7.25
2018-08,44370.3,3644.4,1928.92,463.92,363.95,2631.81,9.9604,68.0821,162344,165.566,32.1,1.47801,7.25
2018-09,44254,3862.51,1917.75,470.13,365.86,2495.75,9.5323,65.5906,161429,166.566,30.17,1.4842,7.5
2018-10,44219.6,3698.66,1838.73,470.59,367.03,2579.92,9.4487,65.7742,166380,167.607,30.98,1.48932,7.5
2018-11,44892.8,3761.21,1898.5,472.3,368.61,2627.47,9.5937,66.6342,167768,168.655,30.31,1.49508,7.5
2018-12,47109.3,3727.34,1845.11,475.83,370.16,2856.68,10.0997,69.4706,169104,169.709,34.16,1.50403,7.75
2019-01,45723.2,3994.97,1947.01,489.52,374.2,2790.18,9.8468,66.0987,170914,170.805,33.69,1.5152,7.75
2019-02,46214.7,3939.07,1937.18,489.04,377.09,2804.29,9.8396,65.757,172979,171.908,33.47,1.52009,7.75
2019-03,46141.4,3957.82,1915.45,493.96,380.76,2687.23,9.6321,64.7347,175818,173.018,31.62,1.52463,7.75
2019-04,46437.5,4056.44,1955.03,500.28,385.2,2666.72,9.605,64.6917,178372,174.136,31.14,1.52879,7.75
2019-05,46736.9,4247.64,1989.73,509.3,388.84,2669.91,9.4227,65.0583,179623,175.26,30.12,1.53465,7.75
2019-06,47349.4,4490.16,2095.61,521.56,394.54,2865.87,9.1824,63.0756,179802,176.392,30.87,1.53569,7.5
2019-07,47352.5,4567.84,2171.36,528.6,399.59,2910.73,9.2063,63.3791,180579,177.495,33.53,1.53889,7.25
2019-08,47586.7,4568.74,2129.32,536.42,402.9,3263.29,9.3045,66.4897,181144,178.567,39.3,1.54185,7.25
2019-09,48267,4596.98,2116.79,541,408.58,3098.54,9.0473,64.4156,181199,179.646,36.28,1.54336,7
2019-10,48084,4883.16,2107.98,554.25,415.68,3060.14,9.0486,63.8734,182373,180.694,36.27,1.54531,6.5
2019-11,49196.9,4953,2165.04,564.55,418.73,3000.48,9.1195,64.0817,180222,181.673,34.91,1.54793,6.5
2019-12,51660.3,5184.22,2235.61,571.63,423.91,3008.36,8.8594,61.9057,179351,182.657,35.48,1.54978,6.25
2020-01,50623.2,5245.6,2445.6,578.19,427.5,3202.92,9.0873,63.0359,182690,183.608,35.41,1.55242,6.25
2020-02,51314.5,4750.17,2264.1,573.25,427.03,3502.84,9.5834,66.9909,181311,184.564,38.88,1.55544,6
2020-03,52327.1,4284.51,1913.08,567.5,420.55,4051.63,10.9611,77.7325,184642,185.487,36.03,1.56376,6
2020-04,52951.7,4526.59,2029.53,592.76,433.79,4041.8,10.4153,73.6894,183525,186.415,35.93,1.57659,5.5
2020-05,53067.4,4702.49,2109.69,611.96,441.59,3925.38,9.9008,70.752,185236,187.269,40.01,1.58188,5.5
2020-06,54392.6,4737.97,2245.77,608.44,443.94,3978,9.8828,69.9513,182668,188.127,40.27,1.58611,4.5
2020-07,54686.8,5146.69,2419.64,611.09,446.48,4604.62,10.4724,73.3633,188466,188.833,54.63,1.59211,4.25
2020-08,55293.7,5248.26,2477.27,609.98,447.95,4693.4,10.8713,74.6382,189603,189.502,65.63,1.59798,4.25
2020-09,56024.9,5146.23,2504.92,607.55,450.78,4822.55,11.6798,79.6845,191914,190.173,61.06,1.6017,4.25
2020-10,55871.1,4845.13,2418.59,612.17,452.2,4784.4,11.8403,79.3323,196635,190.846,58.7,1.60824,4.25
2020-11,56122.6,5596.77,2682.03,620.85,456.19,4409.74,11.5245,75.8599,199590,191.522,56.97,1.61748,4.25
2020-12,58652.1,5952.8,2733.64,620.45,458.9,4459.48,11.3119,73.8757,205220,192.2,62.11,1.62655,4.25
2021-01,57597.9,5932.63,2822.85,614.93,459.079,4542.04,11.8024,76.2527,207570,192.881,61.79,1.63291,4.25
2021-02,58178.2,6058.56,2871.21,603.73,457.541,4224.26,11.5232,74.4373,211396,193.564,66.83,1.64201,4.25
2021-03,58262.6,6411.72,2898.07,600.12,456.003,4129.57,11.5268,75.7023,217666,194.25,59.24,1.65145,4.5
2021-04,59205.8,6415.85,2888.3,603.9,456.611,4243.98,11.5036,74.3823,220922,194.978,62.86,1.66127,5
2021-05,59194.1,6865.79,3012.53,605.25,457.755,4477.3,11.5594,73.587,224214,195.791,65.37,1.67658,5
2021-06,59583.9,7103.76,3024.94,603.89,456.754,4117.54,11.207,72.3723,229636,196.606,60.39,1.68846,5.5
2021-07,59379.7,7096.15,3009.12,614.19,458.042,4299.07,11.329,73.1388,235973,197.508,59.94,1.69558,6.5
2021-08,59816.9,7373.45,3189.42,614.22,460.51,4254.3,11.378,73.5744,237794,198.577,55.85,1.70578,6.5
2021-09,60606.2,7743.94,3128.35,607.8,459.973,4074.26,11.2494,72.7608,242711,199.653,52.23,1.72035,6.75
2021-10,60813.7,7865.13,3252.84,586.73,455.359,4072.7,11.0188,70.52,248336,200.776,54.44,1.73905,7.5
2021-11,62312.5,7373.48,3078.75,584.3,451.46,4327.24,11.7482,74.9818,252660,202.031,56.97,1.75082,7.5
2021-12,66252.9,7250.04,2975.26,589.78,459.937,4297.62,11.6503,74.2926,257413,203.294,54.54,1.76294,8.5
2022-01,65310.3,6794.02,2670,564.69,452.319,4478.88,12.2258,77.8174,262495,204.734,57.97,1.77497,8.5
2022-02,66659.7,4754.32,1996.23,479.03,421.058,5136.31,13.2325,83.5485,265190,206.184,68,1.79192,20
2022-03,68203.5,5202.78,2309.88,519.32,417.481,5184.57,13.2388,84.0851,276246,209.62,66.92,1.92629,20
2022-04,68475.3,4705.62,2055.37,563.04,445.487,4312.32,10.8518,71.0237,283099,213.114,52.89,1.95602,17
2022-05,68993.4,4544.33,1963.34,579.27,454.679,3756.62,9.5602,63.0975,288820,216.133,45.19,1.96183,11
2022-06,69623.2,4256.3,1915.22,607.78,474.066,2991.91,7.6985,51.158,274768,218.114,34.93,1.95615,9.5
2022-07,70825.4,4323.46,2031.79,618.24,485.976,3456.44,9.2164,61.3101,270646,219.841,38.09,1.94978,8
2022-08,73333.3,4687.26,2115.27,616.73,489.338,3398.94,8.7383,60.3677,269103,221.307,37.29,1.94946,8
2022-09,75096.8,3832.96,1584.85,579.01,476.426,3049.65,7.985,57.413,271232,222.782,33.7,1.95413,7.5
2022-10,75636.5,4429.18,1897.79,603.16,496.098,3283.6,8.4316,61.5343,268980,224.174,38.32,1.95781,7.5
2022-11,76872.2,4445.38,1902.86,608.71,498.28,3429.49,8.488,61.0742,261877,225.575,42.17,1.95977,7.5
2022-12,82388,4548.82,1842.06,611.72,503.717,4101.62,9.8949,70.3375,257918,226.985,53.95,1.96888,7.5
2023-01,82221.7,4712.84,2027.1,614.74,506.614,4302.74,10.3077,69.5927,254632,228.404,53.08,1.97978,7.5
2023-02,83955.9,4771.2,2068.93,611.99,507.938,4391.92,10.7928,75.4323,255863,229.831,51.15,1.98505,7.5
2023-03,84813.1,5189.44,2288.53,617.39,512.337,4870.02,11.1847,77.0863,255997,231.268,57.63,1.99053,7.5
2023-04,84636,5585.84,2496.61,623.43,516.45,5139.72,11.5659,80.5093,255211,232.713,65.09,1.99825,7.5
2023-05,86197.3,5885.95,2617.93,628.53,522.352,5053.15,11.3615,80.6872,261092,234.168,60.04,2.00512,7.5
2023-06,87276.8,6151.53,2727.14,626.37,525.678,5340.1,11.9894,87.0341,265953,235.631,63.27,2.01376,7.5
2023-07,88294,6805.15,3120.53,623.11,526.286,5690.18,12.6891,90.9783,265212,237.104,73.15,2.03331,8.5
2023-08,90110.9,7147.21,3296.06,613.04,520.027,5952.44,13.1311,95.9283,272183,238.783,74.7,2.0524,12
2023-09,90597.3,6937.46,3127.26,595.07,510.871,5867.87,13.3587,97.4147,277556,241.171,70.63,2.07431,13
2023-10,91134.7,7117.04,3181.78,590.69,507.83,5944.43,12.7071,93.2435,281601,243.784,68.22,2.09058,15
2023-11,92546.9,7038.83,3062.93,617.69,514.984,5788.68,12.4527,88.8841,286436,246.831,70.44,2.10781,15
2023-12,98385.4,6997.68,3017.05,616.37,519.741,5993.16,12.5762,89.6883,285190,249.917,69.94,2.12041,16
2024-01,97816.7,7302.35,3228.12,621.86,522.066,5805.98,12.4066,89.2887,287834,253.249,66.04,2.13159,16
2024-02,99422,7399.15,3179.95,614.86,525.929,6010.85,12.7085,91.8692,288000,256.626,66.96,2.14109,16
2024-03,99595.8,7582.21,3310.19,601.18,526.859,6575.81,12.671,92.366,294482,260.047,72.87,2.14806,16
2024-04,103107,7895.13,3507.95,598.33,529.97,6913.94,12.5657,91.7791,300327,263.515,81.51,2.16105,16
2024-05,102519,7412.1,3192.11,570.78,523.175,6764.58,12.365,89.7869,297262,267.028,92.4,2.1766,16
2024-06,103557,7312.25,3202.66,571.34,520.671,6405.84,11.5756,85.748,303081,270.588,79.59,2.19075,16
2024-07,104351,7048.73,2927.83,562.47,522.817,6636.67,11.8368,86.33,295107,274.196,78.1,2.21728,18
2024-08,106243,6348.43,2521.79,563.02,524.57,7382.37,12.0151,91.1868,294138,278.309,86.46,2.23668,18
2024-09,107635,6862.15,2712.84,559.41,525.5,7940.04,13.2163,92.7126,297128,282.484,96.82,2.25176,19
2024-10,108948,6191.65,2394.22,536.53,511.407,8640.65,13.5876,97.053,297386,286.957,106.54,2.26978,21
2024-11,111025,6243.84,2360.31,554,511.479,9151.23,14.7233,107.741,299063,291.978,104.14,2.29657,21
2024-12,117256,7112.22,2673.9,603.39,540.093,8551.74,13.4272,101.68,300229,297.088,96.91,2.3238,21
2025-01,116578,7306.68,2753.33,592.69,550.823,8685.02,13.3729,98.0062,296802,302.287,95.92,2.34249,21
2025-02,117698,7932.19,2922.78,619.81,565.13,8179.41,11.9563,87.6967,299713,307.577,89.42,2.35589,21
2025-03,116499,7468.42,2739.15,632.42,575.86,8223.39,11.4575,83.6813,310363,312.96,91.77,2.36848,21
2025-04,117537,7260.46,2555.7,633.3,586.591,8643.77,11.2016,81.5616,306127,318.436,86.56,2.37876,21
2025-05,118211,7044.2,2451.52,650.15,600.898,8372.41,10.8897,78.6171,308049,324.009,84.35,2.38847,21
2025-06,119089,7220.37,2515.29,686.13,622.359,8372.48,10.9433,78.4685,307419,329.679,92.31,2.39434,20
2025-07,120037,7163.29,2567.53,716.77,647.396,8725.86,11.3683,81.8347,303805,335.174,100.26,2.41178,18
2025-08,121567,7603.98,2743.06,721.48,658.126,8801,11.2713,80.3316,307783,340.201,100.56,2.41783,18
2025-09,121261,7052.01,2466.5,701.76,656.302,10043.8,11.5978,82.8676,319103,345.304,119.89,2.42931,17
2025-10,123066,6671.92,2310.43,714.6,665.28,10370.4,11.2952,80.5037,322070,350.196,124.69,2.44325,16.5
2025-11,124716,7071.45,2447.56,728.42,674.973,10447.6,11.0211,78.2284,324480,355.011,134.31,2.44881,16.5
2025-12,129629,7321.15,2490.51,742.7,683.164,10907.9,11.1592,78.2267,330049,359.893,187.71,2.45482,16
2026-01,127854,7487.4,2609.38,741.51,693.894,13160.4,10.8689,75.7327,335742,364.691,288.41,2.48271,16
2026-02,131072,7531.54,2625.03,756.13,702.049,12837.8,11.2394,77.2736,341775,369.554,214.73,2.49424,15.5
2026-03,130224,7470.27,2459.23,770.15,716.356,11772.5,11.7439,81.2955,345750,374.327,177.2,2.50622,15
2026-04,131989,7125.92,2355.65,780.67,728.446,10989.8,10.9535,74.8806,350150,379.006,176.2,2.51113,14.5
2026-05,133633,7006.25,2288.34,782.19,736.815,10091.5,10.4865,71.0224,365417,383.586,166.74,2.51594,14.5
2026-06,134848,6421.42,2069,754.84,736.815,10179.5,11.4624,77.7539,374293,388.221,145.94,2.53851,14.25
2026-07,135700,6345.85,2146.01,774.04,743.969,10272.1,11.8194,79.8573,376573,392.831,147.36,2.56199,14
2026-08,137074,6219.1,2101.22,773.09,751.122,12574.3,12.7335,85.6007,390663,397.414,188.44,2.57624,14
