date_first_of_month,M2_bln_rub
2012-11,24444.8
2012-12,24741
2013-01,27164.6
2013-02,26348.7
2013-03,26768.4
2013-04,27198.6
2013-05,27377.1
2013-06,27593.4
2013-07,28212.3
2013-08,28443.9
2013-09,28499.9
2013-10,28352.6
2013-11,28276.4
2013-12,28873.3
2014-01,31155.6
2014-02,29861.2
2014-03,30169
2014-04,29519.3
2014-05,29879.2
2014-06,29890.8
2014-07,30071.8
2014-08,30178.3
2014-09,30338.7
2014-10,30297.6
2014-11,29831.2
2014-12,30141.9
2015-01,31615.7
2015-02,31033.5
2015-03,31224.9
2015-04,31028.4
2015-05,31696.9
2015-06,31820.4
2015-07,31936.3
2015-08,32046
2015-09,32257.3
2015-10,32052.5
2015-11,32161
2015-12,32743.4
2016-01,35179.7
2016-02,33935
2016-03,34309.6
2016-04,34688.8
2016-05,35103.6
2016-06,35642.9
2016-07,35856.9
2016-08,36031.2
2016-09,36145.6
2016-10,36148.8
2016-11,36051.1
2016-12,36433
2017-01,38417.7
2017-02,38017.1
2017-03,38462.6
2017-04,38555.5
2017-05,38664.1
2017-06,39223.2
2017-07,39623.1
2017-08,39276.3
2017-09,39419.7
2017-10,39572.4
2017-11,39667.7
2017-12,40114.5
2018-01,42442.2
2018-02,41598.1
2018-03,42046.2
2018-04,42376.2
2018-05,43122.6
2018-06,43258
2018-07,44126.7
2018-08,43911.5
2018-09,44370.3
2018-10,44254
2018-11,44219.6
2018-12,44892.8
2019-01,47109.3
2019-02,45723.2
2019-03,46214.7
2019-04,46141.4
2019-05,46437.5
2019-06,46736.9
2019-07,47349.4
2019-08,47352.5
2019-09,47586.7
2019-10,48267
2019-11,48084
2019-12,49196.9
2020-01,51660.3
2020-02,50623.2
2020-03,51314.5
2020-04,52327.1
2020-05,52951.7
2020-06,53067.4
2020-07,54392.6
2020-08,54686.8
2020-09,55293.7
2020-10,56024.9
2020-11,55871.1
2020-12,56122.6
2021-01,58652.1
2021-02,57597.9
2021-03,58178.2
2021-04,58262.6
2021-05,59205.8
2021-06,59194.1
2021-07,59583.9
2021-08,59379.7
2021-09,59816.9
2021-10,60606.2
2021-11,60813.7
2021-12,62312.5
2022-01,66252.9
2022-02,65310.3
2022-03,66659.7
2022-04,68203.5
2022-05,68475.3
2022-06,68993.4
2022-07,69623.2
2022-08,70825.4
2022-09,73333.3
2022-10,75096.8
2022-11,75636.5
2022-12,76872.2
2023-01,82388
2023-02,82221.7
2023-03,83955.9
2023-04,84813.1
2023-05,84636
2023-06,86197.3
2023-07,87276.8
2023-08,88294
2023-09,90110.9
2023-10,90597.3
2023-11,91134.7
2023-12,92546.9
2024-01,98385.4
2024-02,97816.7
2024-03,99422
2024-04,99595.8
2024-05,103107.4
2024-06,102519.1
2024-07,103557.2
2024-08,104351.3
2024-09,106242.7
2024-10,107634.8
2024-11,108947.9
2024-12,111025.2
2025-01,117256.4
2025-02,116577.8
2025-03,117697.6
2025-04,116499
2025-05,117537.1
2025-06,118211.4
2025-07,119088.7
2025-08,120037.2
2025-09,121566.9
2025-10,121260.6
2025-11,123065.6
2025-12,124715.8
2026-01,129628.7
2026-02,127853.8
2026-03,131071.8
2026-04,130224.2
2026-05,131989.3
2026-06,133633.3
2026-07,134848.2
2026-08,135699.9
2026-09,137073.5
