month,key_rate_pct,cpi_yoy_pct
2026-08,14.00,6.33
2026-07,14.00,5.98
2026-06,14.25,6.02
2026-05,14.50,5.31
2026-04,14.50,5.58
2026-03,15.00,5.86
2026-02,15.50,5.91
2026-01,16.00,6.00
2025-12,16.00,5.59
2025-11,16.50,6.64
2025-10,16.50,7.71
2025-09,17.00,7.98
2025-08,18.00,8.14
2025-07,18.00,8.79
2025-06,20.00,9.40
2025-05,21.00,9.88
2025-04,21.00,10.23
2025-03,21.00,10.34
2025-02,21.00,10.06
2025-01,21.00,9.92
2024-12,21.00,9.52
2024-11,21.00,8.88
2024-10,21.00,8.54
2024-09,19.00,8.63
2024-08,18.00,9.05
2024-07,18.00,9.13
2024-06,16.00,8.59
2024-05,16.00,8.30
2024-04,16.00,7.84
2024-03,16.00,7.72
2024-02,16.00,7.69
2024-01,16.00,7.44
2023-12,16.00,7.42
2023-11,15.00,7.48
2023-10,15.00,6.69
2023-09,13.00,6.00
2023-08,12.00,5.15
2023-07,8.50,4.30
2023-06,7.50,3.25
2023-05,7.50,2.51
2023-04,7.50,2.31
2023-03,7.50,3.51
2023-02,7.50,10.99
2023-01,7.50,11.77
2022-12,7.50,11.94
2022-11,7.50,11.98
2022-10,7.50,12.63
2022-09,7.50,13.68
2022-08,8.00,14.30
2022-07,8.00,15.10
2022-06,9.50,15.90
2022-05,11.00,17.10
2022-04,17.00,17.83
2022-03,20.00,16.69
2022-02,20.00,9.15
2022-01,8.50,8.73
2021-12,8.50,8.39
2021-11,7.50,8.40
2021-10,7.50,8.13
2021-09,6.75,7.40
2021-08,6.50,6.68
2021-07,6.50,6.50
2021-06,5.50,6.50
2021-05,5.00,6.00
2021-04,5.00,5.50
2021-03,4.50,5.80
2021-02,4.25,5.70
2021-01,4.25,5.20
2020-12,4.25,4.90
2020-11,4.25,4.40
2020-10,4.25,4.00
2020-09,4.25,3.70
2020-08,4.25,3.60
2020-07,4.25,3.40
2020-06,4.50,3.20
2020-05,5.50,3.00
2020-04,5.50,3.10
2020-03,6.00,2.50
2020-02,6.00,2.30
2020-01,6.25,2.40
2019-12,6.25,3.00
2019-11,6.50,3.50
2019-10,6.50,3.80
2019-09,7.00,4.00
2019-08,7.25,4.30
2019-07,7.25,4.60
2019-06,7.50,4.70
2019-05,7.75,5.10
2019-04,7.75,5.20
2019-03,7.75,5.30
2019-02,7.75,5.20
2019-01,7.75,5.00
2018-12,7.75,4.30
2018-11,7.50,3.80
2018-10,7.50,3.50
2018-09,7.50,3.40
2018-08,7.25,3.10
2018-07,7.25,2.50
2018-06,7.25,2.30
2018-05,7.25,2.40
2018-04,7.25,2.40
2018-03,7.25,2.40
2018-02,7.50,2.20
2018-01,7.75,2.20
2017-12,7.75,2.50
2017-11,8.25,2.50
2017-10,8.25,2.70
2017-09,8.50,3.00
2017-08,9.00,3.30
2017-07,9.00,3.90
2017-06,9.00,4.40
2017-05,9.25,4.10
2017-04,9.75,4.10
2017-03,9.75,4.30
2017-02,10.00,4.60
2017-01,10.00,5.00
2016-12,10.00,5.40
2016-11,10.00,5.80
2016-10,10.00,6.10
2016-09,10.00,6.40
2016-08,10.50,6.90
2016-07,10.50,7.20
2016-06,10.50,7.50
2016-05,11.00,7.30
2016-04,11.00,7.30
2016-03,11.00,7.30
2016-02,11.00,8.10
2016-01,11.00,9.80
2015-12,11.00,12.90
2015-11,11.00,15.00
2015-10,11.00,15.60
2015-09,11.00,15.70
2015-08,11.00,15.80
2015-07,11.50,15.60
2015-06,11.50,15.30
2015-05,12.50,15.80
2015-04,14.00,16.40
2015-03,14.00,16.90
2015-02,15.00,16.70
2015-01,17.00,14.96
2014-12,17.00,11.35
2014-11,9.50,9.06
2014-10,8.00,8.29
2014-09,8.00,8.03
2014-08,8.00,7.55
2014-07,8.00,7.45
2014-06,7.50,7.81
2014-05,7.50,7.59
2014-04,7.50,7.33
2014-03,7.00,6.92
2014-02,5.50,6.21
2014-01,5.50,6.07
2013-12,5.50,6.47
2013-11,5.50,6.50
2013-10,5.50,6.27
2013-09,5.50,6.14
2013-08,,6.51
2013-07,,6.46
2013-06,,6.89
2013-05,,7.39
2013-04,,7.24
2013-03,,7.02
2013-02,,7.28
2013-01,,7.07
