month,USD,CNY,GOLD,SILVER
2012-12,30.3727,4.8741,1618.56,29.44
2013-01,30.0277,4.8273,1608.62,29.99
2013-02,30.6202,4.9173,1583.51,28.30
2013-03,31.0834,5.0059,1597.22,28.62
2013-04,31.2559,5.0699,1479.71,24.14
2013-05,31.5893,5.1525,1428.21,22.71
2013-06,32.7090,5.3259,1265.36,19.57
2013-07,32.8901,5.3635,1398.20,21.25
2013-08,33.2474,5.4328,1488.75,25.77
2013-09,32.3451,5.2855,1374.25,22.85
2013-10,32.0613,5.2629,1391.06,23.00
2013-11,33.1916,5.4470,1328.85,21.09
2013-12,32.7292,5.3993,1264.30,20.96
2014-01,35.2448,5.8202,1420.96,22.30
2014-02,36.0501,5.8814,1542.68,25.32
2014-03,35.6871,5.7485,1486.70,22.58
2014-04,35.6983,5.7062,1480.28,22.50
2014-05,34.7352,5.5629,1400.42,21.05
2014-06,33.6306,5.4088,1422.11,22.52
2014-07,35.7271,5.7835,1490.38,23.71
2014-08,36.9316,6.0100,1526.67,23.45
2014-09,39.3866,6.4127,1542.05,22.21
2014-10,43.3943,7.0957,1682.21,24.00
2014-11,49.3220,8.0283,1878.31,26.04
2014-12,56.2584,9.0707,2146.08,28.94
2015-01,68.9291,11.0264,2800.07,38.63
2015-02,61.2718,9.7728,2373.77,33.13
2015-03,58.4643,9.4179,2231.92,31.30
2015-04,51.7029,8.3401,2002.72,27.39
2015-05,52.9716,8.5463,2027.34,28.39
2015-06,55.5240,8.9428,2100.21,28.26
2015-07,58.9906,9.4998,2059.03,27.77
2015-08,66.4779,10.4042,2405.55,30.86
2015-09,66.2367,10.4082,2394.90,31.01
2015-10,64.3742,10.1890,2375.47,32.74
2015-11,66.2393,10.3590,2267.32,30.43
2015-12,72.8827,11.2298,2502.10,32.64
2016-01,75.1723,11.4277,2689.71,32.82
2016-02,75.0903,11.4870,2971.89,36.60
2016-03,67.6076,10.4368,2691.39,33.43
2016-04,64.3334,9.9226,2636.13,36.93
2016-05,66.0825,10.0394,2584.04,34.63
2016-06,64.2575,9.6695,2722.37,37.62
2016-07,67.0512,10.0753,2872.53,43.20
2016-08,64.9072,9.7169,2752.19,39.19
2016-09,63.1581,9.4698,2682.09,38.60
2016-10,62.9037,9.2782,2560.16,35.61
2016-11,64.9449,9.4242,2479.11,34.83
2016-12,60.6569,8.7282,2260.43,31.32
2017-01,60.1618,8.7423,2301.46,32.30
2017-02,57.9371,8.4317,2340.04,34.03
2017-03,56.3779,8.1823,2267.37,32.81
2017-04,56.9838,8.2614,2318.58,31.90
2017-05,56.5168,8.2439,2294.58,31.38
2017-06,59.0855,8.7171,2368.09,31.97
2017-07,59.5436,8.8295,2411.34,31.70
2017-08,58.7306,8.9080,2474.72,32.93
2017-09,58.0169,8.7366,2400.53,31.45
2017-10,57.8716,8.7063,2368.10,31.11
2017-11,58.3311,8.8407,2428.34,32.01
2017-12,57.6002,8.8450,2400.97,31.00
2018-01,56.2914,8.8756,2435.46,31.37
2018-02,55.6717,8.8272,2385.47,29.84
2018-03,57.2649,9.1272,2437.35,29.97
2018-04,61.9997,9.7895,2634.19,32.95
2018-05,62.5937,9.7424,2613.35,32.94
2018-06,62.7565,9.4751,2523.19,32.34
2018-07,62.7805,9.1973,2466.63,31.27
2018-08,68.0821,9.9604,2631.81,32.10
2018-09,65.5906,9.5323,2495.75,30.17
2018-10,65.7742,9.4487,2579.92,30.98
2018-11,66.6342,9.5937,2627.47,30.31
2018-12,69.4706,10.0997,2856.68,34.16
2019-01,66.0987,9.8468,2790.18,33.69
2019-02,65.7570,9.8396,2804.29,33.47
2019-03,64.7347,9.6321,2687.23,31.62
2019-04,64.6917,9.6050,2666.72,31.14
2019-05,65.0583,9.4227,2669.91,30.12
2019-06,63.0756,9.1824,2865.87,30.87
2019-07,63.3791,9.2063,2910.73,33.53
2019-08,66.4897,9.3045,3263.29,39.30
2019-09,64.4156,9.0473,3098.54,36.28
2019-10,63.8734,9.0486,3060.14,36.27
2019-11,64.0817,9.1195,3000.48,34.91
2019-12,61.9057,8.8594,3008.36,35.48
2020-01,63.0359,9.0873,3202.92,35.41
2020-02,66.9909,9.5834,3502.84,38.88
2020-03,77.7325,10.9611,4051.63,36.03
2020-04,73.6894,10.4153,4041.80,35.93
2020-05,70.7520,9.9008,3925.38,40.01
2020-06,69.9513,9.8828,3978.00,40.27
2020-07,73.3633,10.4724,4604.62,54.63
2020-08,74.6382,10.8713,4693.40,65.63
2020-09,79.6845,11.6798,4822.55,61.06
2020-10,79.3323,11.8403,4784.40,58.70
2020-11,75.8599,11.5245,4409.74,56.97
2020-12,73.8757,11.3119,4459.48,62.11
2021-01,76.2527,11.8024,4542.04,61.79
2021-02,74.4373,11.5232,4224.26,66.83
2021-03,75.7023,11.5268,4129.57,59.24
2021-04,74.3823,11.5036,4243.98,62.86
2021-05,73.5870,11.5594,4477.30,65.37
2021-06,72.3723,11.2070,4117.54,60.39
2021-07,73.1388,11.3290,4299.07,59.94
2021-08,73.5744,11.3780,4254.30,55.85
2021-09,72.7608,11.2494,4074.26,52.23
2021-10,70.5200,11.0188,4072.70,54.44
2021-11,74.9818,11.7482,4327.24,56.97
2021-12,74.2926,11.6503,4297.62,54.54
2022-01,77.8174,12.2258,4478.88,57.97
2022-02,83.5485,13.2325,5136.31,68.00
2022-03,84.0851,13.2388,5184.57,66.92
2022-04,71.0237,10.8518,4312.32,52.89
2022-05,63.0975,9.5602,3756.62,45.19
2022-06,51.1580,7.6985,2991.91,34.93
2022-07,61.3101,9.2164,3456.44,38.09
2022-08,60.3677,8.7383,3398.94,37.29
2022-09,57.4130,7.9850,3049.65,33.70
2022-10,61.5343,8.4316,3283.60,38.32
2022-11,61.0742,8.4880,3429.49,42.17
2022-12,70.3375,9.8949,4101.62,53.95
2023-01,69.5927,10.3077,4302.74,53.08
2023-02,75.4323,10.7928,4391.92,51.15
2023-03,77.0863,11.1847,4870.02,57.63
2023-04,80.5093,11.5659,5139.72,65.09
2023-05,80.6872,11.3615,5053.15,60.04
2023-06,87.0341,11.9894,5340.10,63.27
2023-07,90.9783,12.6891,5690.18,73.15
2023-08,95.9283,13.1311,5952.44,74.70
2023-09,97.4147,13.3587,5867.87,70.63
2023-10,93.2435,12.7071,5944.43,68.22
2023-11,88.8841,12.4527,5788.68,70.44
2023-12,89.6883,12.5762,5993.16,69.94
2024-01,89.2887,12.4066,5805.98,66.04
2024-02,91.8692,12.7085,6010.85,66.96
2024-03,92.3660,12.6710,6575.81,72.87
2024-04,91.7791,12.5657,6913.94,81.51
2024-05,89.7869,12.3650,6764.58,92.40
2024-06,85.7480,11.5756,6405.84,79.59
2024-07,86.3300,11.8368,6636.67,78.10
2024-08,91.1868,12.0151,7382.37,86.46
2024-09,92.7126,13.2163,7940.04,96.82
2024-10,97.0530,13.5876,8640.65,106.54
2024-11,107.7409,14.7233,9151.23,104.14
2024-12,101.6797,13.4272,8551.74,96.91
2025-01,98.0062,13.3729,8685.02,95.92
2025-02,87.6967,11.9563,8179.41,89.42
2025-03,83.6813,11.4575,8223.39,91.77
2025-04,81.5616,11.2016,8643.77,86.56
2025-05,78.6171,10.8897,8372.41,84.35
2025-06,78.4685,10.9433,8372.48,92.31
2025-07,81.8347,11.3683,8725.86,100.26
2025-08,80.3316,11.2713,8801.00,100.56
2025-09,82.8676,11.5978,10043.83,119.89
2025-10,80.5037,11.2952,10370.35,124.69
2025-11,78.2284,11.0211,10447.60,134.31
2025-12,78.2267,11.1592,10907.88,187.71
2026-01,75.7327,10.8689,13160.42,288.41
2026-02,77.2736,11.2394,12837.78,214.73
2026-03,81.2955,11.7439,11772.54,177.20
2026-04,74.8806,10.9535,10989.84,176.20
2026-05,71.0224,10.4865,10091.47,166.74
2026-06,77.7539,11.4624,10179.49,145.94
2026-07,79.8573,11.8194,10272.06,147.36
2026-08,85.6007,12.7335,12574.32,188.44
2026-09,84.3414,12.5355,11568.93,172.41
