month,cpi_yoy_pct
2013-01,7.07
2013-02,7.28
2013-03,7.02
2013-04,7.24
2013-05,7.39
2013-06,6.89
2013-07,6.46
2013-08,6.51
2013-09,6.14
2013-10,6.27
2013-11,6.5
2013-12,6.47
2014-01,6.07
2014-02,6.21
2014-03,6.92
2014-04,7.33
2014-05,7.59
2014-06,7.81
2014-07,7.45
2014-08,7.55
2014-09,8.03
2014-10,8.29
2014-11,9.06
2014-12,11.35
2015-01,14.96
2015-02,16.7
2015-03,16.9
2015-04,16.4
2015-05,15.8
2015-06,15.3
2015-07,15.6
2015-08,15.8
2015-09,15.7
2015-10,15.6
2015-11,15.0
2015-12,12.9
2016-01,9.8
2016-02,8.1
2016-03,7.3
2016-04,7.3
2016-05,7.3
2016-06,7.5
2016-07,7.2
2016-08,6.9
2016-09,6.4
2016-10,6.1
2016-11,5.8
2016-12,5.4
2017-01,5.0
2017-02,4.6
2017-03,4.3
2017-04,4.1
2017-05,4.1
2017-06,4.4
2017-07,3.9
2017-08,3.3
2017-09,3.0
2017-10,2.7
2017-11,2.5
2017-12,2.5
2018-01,2.2
2018-02,2.2
2018-03,2.4
2018-04,2.4
2018-05,2.4
2018-06,2.3
2018-07,2.5
2018-08,3.1
2018-09,3.4
2018-10,3.5
2018-11,3.8
2018-12,4.3
2019-01,5.0
2019-02,5.2
2019-03,5.3
2019-04,5.2
2019-05,5.1
2019-06,4.7
2019-07,4.6
2019-08,4.3
2019-09,4.0
2019-10,3.8
2019-11,3.5
2019-12,3.0
2020-01,2.4
2020-02,2.3
2020-03,2.5
2020-04,3.1
2020-05,3.0
2020-06,3.2
2020-07,3.4
2020-08,3.6
2020-09,3.7
2020-10,4.0
2020-11,4.4
2020-12,4.9
2021-01,5.2
2021-02,5.7
2021-03,5.8
2021-04,5.5
2021-05,6.0
2021-06,6.5
2021-07,6.5
2021-08,6.68
2021-09,7.4
2021-10,8.13
2021-11,8.4
2021-12,8.39
2022-01,8.73
2022-02,9.15
2022-03,16.69
2022-04,17.83
2022-05,17.1
2022-06,15.9
2022-07,15.1
2022-08,14.3
2022-09,13.68
2022-10,12.63
2022-11,11.98
2022-12,11.94
2023-01,11.77
2023-02,10.99
2023-03,3.51
2023-04,2.31
2023-05,2.51
2023-06,3.25
2023-07,4.3
2023-08,5.15
2023-09,6.0
2023-10,6.69
2023-11,7.48
2023-12,7.42
2024-01,7.44
2024-02,7.69
2024-03,7.72
2024-04,7.84
2024-05,8.3
2024-06,8.59
2024-07,9.13
2024-08,9.05
2024-09,8.63
2024-10,8.54
2024-11,8.88
2024-12,9.52
2025-01,9.92
2025-02,10.06
2025-03,10.34
2025-04,10.23
2025-05,9.88
2025-06,9.4
2025-07,8.79
2025-08,8.14
2025-09,7.98
2025-10,7.71
2025-11,6.64
2025-12,5.59
2026-01,6.0
2026-02,5.91
2026-03,5.86
2026-04,5.58
2026-05,5.31
2026-06,6.02
2026-07,5.98
2026-08,6.33
