month,usd_deposit_rate_pct
2019-01,2.63
2019-02,2.02
2019-03,1.86
2019-04,1.79
2019-05,1.70
2019-06,1.51
2019-07,1.44
2019-08,1.21
2019-09,1.04
2019-10,1.06
2019-11,0.92
2019-12,0.91
2020-01,0.85
2020-02,0.82
2020-03,0.72
2020-04,0.68
2020-05,0.87
2020-06,0.48
2020-07,0.44
2020-08,0.41
2020-09,0.37
2020-10,0.43
2020-11,0.38
2020-12,0.45
2021-01,0.40
2021-02,0.40
2021-03,0.39
2021-04,0.46
2021-05,0.46
2021-06,0.46
2021-07,0.46
2021-08,0.41
2021-09,0.47
2021-10,0.43
2021-11,0.38
2021-12,0.42
2022-01,0.40
2022-02,0.86
2022-03,6.35
2022-04,1.93
2022-05,0.68
2022-06,0.71
2022-07,0.55
2022-08,0.28
2022-09,0.19
2022-10,0.96
2022-11,1.08
2022-12,0.91
2023-01,1.68
2023-02,0.38
2023-03,0.72
2023-04,1.18
2023-05,1.73
2023-06,1.42
2023-07,1.40
2023-08,1.34
2023-09,1.39
2023-10,2.31
2023-11,1.30
2023-12,2.00
2024-01,1.97
2024-02,0.91
2024-03,1.53
2024-04,1.48
2024-05,1.44
2024-06,1.79
2024-07,1.91
2024-08,0.82
2024-09,1.32
2024-10,2.10
2024-11,1.93
2024-12,1.92
2025-01,1.11
2025-02,0.88
2025-03,2.05
2025-04,2.71
2025-05,1.19
2025-06,1.54
2025-07,1.47
2025-08,0.66
2025-09,1.33
2025-10,1.39
2025-11,1.06
2025-12,1.47
2026-01,1.67
2026-02,0.93
2026-03,1.83
2026-04,3.11
2026-05,2.05
2026-06,4.05
2026-07,2.33
