month,cpi_sa_mom_pct
2012-01,0.2283
2012-02,0.3131
2012-03,0.5185
2012-04,0.3410
2012-05,0.5214
2012-06,0.9033
2012-07,0.9562
2012-08,0.6126
2012-09,0.9032
2012-10,0.5167
2012-11,0.2837
2012-12,0.3407
2013-01,0.6842
2013-02,0.4774
2013-03,0.3208
2013-04,0.5502
2013-05,0.6865
2013-06,0.4565
2013-07,0.4361
2013-08,0.6527
2013-09,0.5317
2013-10,0.6582
2013-11,0.4855
2013-12,0.3246
2014-01,0.2916
2014-02,0.5823
2014-03,0.9700
2014-04,0.9201
2014-05,0.9061
2014-06,0.6450
2014-07,0.4578
2014-08,0.6703
2014-09,0.9272
2014-10,0.8360
2014-11,1.1545
2014-12,2.3373
2015-01,3.5241
2015-02,2.0820
2015-03,1.1697
2015-04,0.4906
2015-05,0.3860
2015-06,0.2339
2015-07,0.5977
2015-08,0.8423
2015-09,0.8625
2015-10,0.7777
2015-11,0.6553
2015-12,0.5349
2016-01,0.6411
2016-02,0.4955
2016-03,0.4315
2016-04,0.4478
2016-05,0.4289
2016-06,0.3945
2016-07,0.5340
2016-08,0.4622
2016-09,0.4170
2016-10,0.4544
2016-11,0.3280
2016-12,0.1694
2017-01,0.3523
2017-02,0.1079
2017-03,0.1130
2017-04,0.3318
2017-05,0.3998
2017-06,0.6026
2017-07,0.0569
2017-08,-0.1060
2017-09,0.1192
2017-10,0.2188
2017-11,0.1158
2017-12,0.2041
2018-01,0.0554
2018-02,0.1087
2018-03,0.2679
2018-04,0.3641
2018-05,0.4191
2018-06,0.4838
2018-07,0.2757
2018-08,0.4620
2018-09,0.4189
2018-10,0.3449
2018-11,0.3865
2018-12,0.5988
2019-01,0.7422
2019-02,0.3233
2019-03,0.2984
2019-04,0.2730
2019-05,0.3834
2019-06,0.0674
2019-07,0.2082
2019-08,0.1926
2019-09,0.0978
2019-10,0.1264
2019-11,0.1698
2019-12,0.1194
2020-01,0.1702
2020-02,0.1944
2020-03,0.5354
2020-04,0.8204
2020-05,0.3353
2020-06,0.2673
2020-07,0.3787
2020-08,0.3686
2020-09,0.2326
2020-10,0.4081
2020-11,0.5745
2020-12,0.5608
2021-01,0.3911
2021-02,0.5577
2021-03,0.5748
2021-04,0.5945
2021-05,0.9214
2021-06,0.7085
2021-07,0.4218
2021-08,0.6014
2021-09,0.8543
2021-10,1.0869
2021-11,0.6769
2021-12,0.6926
2022-01,0.6823
2022-02,0.9550
2022-03,7.4982
2022-04,1.5435
2022-05,0.2974
2022-06,-0.2897
2022-07,-0.3256
2022-08,-0.0166
2022-09,0.2398
2022-10,0.1880
2022-11,0.1003
2022-12,0.4646
2023-01,0.5536
2023-02,0.2663
2023-03,0.2764
2023-04,0.3878
2023-05,0.3435
2023-06,0.4309
2023-07,0.9710
2023-08,0.9387
2023-09,1.0678
2023-10,0.7842
2023-11,0.8241
2023-12,0.5979
2024-01,0.5270
2024-02,0.4460
2024-03,0.3253
2024-04,0.6050
2024-05,0.7193
2024-06,0.6504
2024-07,1.2107
2024-08,0.8750
2024-09,0.6741
2024-10,0.8004
2024-11,1.1805
2024-12,1.1855
2025-01,0.8044
2025-02,0.5718
2025-03,0.5344
2025-04,0.4341
2025-05,0.4082
2025-06,0.2458
2025-07,0.7286
2025-08,0.2505
2025-09,0.4750
2025-10,0.5737
2025-11,0.2275
2025-12,0.2455
2026-01,1.1362
2026-02,0.4645
2026-03,0.4802
2026-04,0.1959
2026-05,0.1916
2026-06,0.8972
2026-07,0.9247
2026-08,0.5563
