month,ID1167549,ID1167551,ID1167552
2012-12,255.29,224.16,166.21
2013-01,259.5,227.26,168.13
2013-02,261.12,228.66,169.6
2013-03,262.11,229.63,170.11
2013-04,265.16,232.06,171.69
2013-05,266.43,233.32,173.03
2013-06,266.38,233.59,173.11
2013-07,269.8,236.16,174.37
2013-08,271.48,237.67,175.15
2013-09,273.54,239.32,176.47
2013-10,276.15,241.04,177.55
2013-11,277.31,241.92,178.01
2013-12,279.3,243.91,179.16
2014-01,279.03,244.74,179.47
2014-02,280.34,245.99,180.35
2014-03,277.92,244.02,180
2014-04,276.07,244.25,179.2
2014-05,276.05,245.56,180.6
2014-06,280.12,248.02,181.89
2014-07,282.06,248.74,182.61
2014-08,279.74,248.92,182.93
2014-09,273.59,248.97,183.93
2014-10,271.05,246.56,180.67
2014-11,266.67,245.6,178.26
2014-12,259.68,240.43,171.12
2015-01,258.46,237.56,167.45
2015-02,267.39,243.58,170.67
2015-03,281.06,251.43,173.99
2015-04,296.41,259.63,180.91
2015-05,305.89,264.66,183.05
2015-06,304.99,267.7,185.96
2015-07,308.62,270.47,188.1
2015-08,305.29,269.71,188.4
2015-09,310.98,273.43,190.31
2015-10,316.55,278.5,194.11
2015-11,322.45,281.28,195.99
2015-12,329.07,284.44,198.79
2016-01,328.02,286,199.97
2016-02,333.58,290.59,201.14
2016-03,340.11,294.71,204.54
2016-04,342.98,298.72,207.99
2016-05,346.72,301.7,210.24
2016-06,351.5,305.34,211.72
2016-07,354.22,307.41,213.23
2016-08,358.52,310.58,215.66
2016-09,363.7,313.97,216.73
2016-10,365.6,311.28,218.62
2016-11,368.17,312.93,219.71
2016-12,372.06,316.32,222.71
2017-01,376.66,319.67,223.5
2017-02,380.6,322.43,223.27
2017-03,385.9,326.19,225.45
2017-04,392.51,330.49,228.06
2017-05,394.58,332.37,230.04
2017-06,398.21,335.43,231.57
2017-07,402.09,336.36,233.14
2017-08,406.75,339.02,234.23
2017-09,414.01,342.46,237.33
2017-10,421.31,348.35,240.57
2017-11,421.67,349.9,241.42
2017-12,426.77,355.17,245.62
2018-01,432.76,358.78,247.27
2018-02,440.57,364.92,250.3
2018-03,443.82,368.26,253.19
2018-04,442.7,368.17,251.53
2018-05,445.8,369.8,253.31
2018-06,444.65,369.44,253.36
2018-07,445.93,370.46,254.7
2018-08,435.31,363.95,250.12
2018-09,436.76,365.86,251.57
2018-10,437.75,367.03,254.11
2018-11,440.46,368.61,253.79
2018-12,441.61,370.16,254.47
2019-01,449.7,374.2,257.47
2019-02,450.89,377.09,259.04
2019-03,455.43,380.76,261.06
2019-04,461.66,385.2,263.75
2019-05,467.06,388.84,265.41
2019-06,477.06,394.54,269.34
2019-07,482.79,399.59,273.46
2019-08,487.42,402.9,274.86
2019-09,495.94,408.58,279.47
2019-10,507.64,415.68,286.14
2019-11,511.54,418.73,285.89
2019-12,518.5,423.91,290.46
2020-01,525.18,427.5,292.29
2020-02,524.08,427.03,290.9
2020-03,513.16,420.55,287.16
2020-04,532.88,433.79,296.94
2020-05,545.98,441.59,302.38
2020-06,548.61,443.94,303.64
2020-07,551.14,446.48,305.24
2020-08,552.75,447.95,306.6
2020-09,557.49,450.78,306.82
2020-10,558.67,452.2,308.13
2020-11,562.25,456.19,309.69
2020-12,566.47,458.9,311.95
2021-01,565.1,459.21,311.66
2021-02,563.37,457.79,310.96
2021-03,558.97,456.4,310.03
2021-04,560.8,457.12,309.59
2021-05,562.04,457.97,310.56
2021-06,558.68,456.94,309.15
2021-07,560.52,458.11,309.08
2021-08,564.08,460.23,311.57
2021-09,562.7,459.6,310.73
2021-10,553.09,454.91,307.01
2021-11,542.85,450.36,303.25
2021-12,554.38,458.66,308.64
2022-01,541.56,450.51,303.39
2022-02,482.6,419.42,284.01
2022-03,475.77,413.68,280.07
2022-04,518.28,441.29,297.29
2022-05,532.15,449.93,303.7
2022-06,564.6,468.51,314.48
2022-07,580.86,480.71,322.84
2022-08,585.95,483.69,324.29
2022-09,559.43,470.83,316.46
2022-10,592.31,489.59,327.86
2022-11,590.81,491.33,329.23
2022-12,596.33,496.61,334.05
2023-01,596.73,499.05,334.35
2023-02,593.79,499.73,334.99
2023-03,597.55,503.55,337.11
2023-04,602.48,507.33,338.91
2023-05,610.57,512.74,342.43
