month,MCFTR,MESMTR,MCXSM,RGBITR,RUCBTRNS,MREDC,RUABITR
2012-12,1718.76,,993.99,312.73,,,
2013-01,1804.78,,1045.93,317.4,,,
2013-02,1740.77,,1006.02,318.12,,,
2013-03,1685.17,,919.36,317.43,,,
2013-04,1623.44,,864.69,327.7,,,
2013-05,1581.61,,843.58,317.92,,,
2013-06,1559.49,,830.78,313.72,,,
2013-07,1620.16,,849.89,318.01,,,
2013-08,1650.13,,830.1,316.37,,,
2013-09,1769.08,,844.6,322.72,,,
2013-10,1832.4,,848.49,327.15,,,
2013-11,1796.99,,846.5,320.22,,,
2013-12,1827.3,,896.03,324.62,,,
2014-01,1767.81,,857.39,319.26,,,125.79
2014-02,1762.73,,853.12,320.33,,,126.3
2014-03,1670.71,,776.9,314.88,,,124.56
2014-04,1594.65,,766.41,310.69,,,123.29
2014-05,1748.53,,859.07,320.01,,,126.27
2014-06,1822.28,,879,324.81,,,128.01
2014-07,1745.97,,837.29,314.99,,,125.08
2014-08,1772.68,,863.57,313.7,,,124.79
2014-09,1786.2,,876.21,320.74,,,126.94
2014-10,1888.53,,896.33,314.74,,,124.8
2014-11,1948.9,,945.17,310.34,,,123.35
2014-12,1793.6,,903.86,278.02,,,112.3
2015-01,2116.23,,1037.33,278.85,,,112.16
2015-02,2259.16,,1127.68,288.21,,,115.84
2015-03,2088.61,,1094.58,303.91,,,121.49
2015-04,2170.87,,1130.46,322.31,,,128.15
2015-05,2079.22,,1106.13,326.23,,,129.88
2015-06,2147.02,,1089.73,325.2,,,130.7
2015-07,2223.33,,1103.82,332.02,,,132.82
2015-08,2308.81,,1132.2,324.69,,,128.41
2015-09,2193.63,,1115.22,332.82,,,131.01
2015-10,2290.99,,1200.59,349.77,,,136.59
2015-11,2370.66,,1220.29,355.74,,,138.45
2015-12,2372.49,,1255.36,359.71,,,139.13
2016-01,2407.84,,1202.9,356.91,,,137.99
2016-02,2482.38,,1237.17,366.61,,,139.54
2016-03,2524.17,,1304.85,376.25,,,142.4
2016-04,2637.54,,1325.16,381.46,,,143.69
2016-05,2567.88,,1387.34,384.41,,,144.51
2016-06,2574.11,,1444.01,393.18,,,146.96
2016-07,2715.15,,1546.11,394.68,,,147.3
2016-08,2753.28,,1622.6,401.39,,,146.89
2016-09,2765.79,,1642.41,405.75,,,148.43
2016-10,2788.37,,1694.21,402.94,,,147.44
2016-11,2949.91,,1840.86,402.28,,,147.4
2016-12,3150.2,,1908.5,413.58,,159646.7,151.17
2017-01,3129.53,,1990.95,419.19,,157832.1,153.04
2017-02,2873.2,,1835.1,418.54,,160328.3,153.01
2017-03,2816.93,,1781.02,427.47,,159647.9,156.05
2017-04,2848.25,,1802.04,434.76,,159314.8,158.64
2017-05,2689.52,,1662.34,436.67,,156256.5,159.45
2017-06,2694.84,,1690.31,438.73,,158539.9,160.43
2017-07,2823.28,,1720.54,440.68,,158459.9,161.14
2017-08,2975.25,,1762.79,446.6,,155436.7,163.17
2017-09,3062.2,,1774.42,452.44,,158431.6,165.23
2017-10,3054.91,,1787.3,456.85,,158427.6,166.86
2017-11,3108.64,,1715.68,460.31,,156166.4,168.01
2017-12,3144.34,,1690.92,466.49,,157586,170.32
2018-01,3414.71,,1756.47,474.72,,157317.4,173.12
2018-02,3424.86,,1761.99,482.41,,156981,175.92
2018-03,3386.59,,1736.28,486.04,,156769.3,177.34
2018-04,3440.33,,1692.78,482.82,,157889.3,176.33
2018-05,3441.38,,1684.34,483.72,,157700.2,176.84
2018-06,3478.67,,1659.02,477.91,,158864.3,175.18
2018-07,3598.97,,1572.77,480.09,,159750.7,175.93
2018-08,3644.4,,1534.64,463.92,,162344.2,170.66
2018-09,3862.51,,1519.44,470.13,,161429.2,172.56
2018-10,3698.66,,1450.59,470.59,,166380.4,172.88
2018-11,3761.21,,1491.78,472.3,,167768.5,173.48
2018-12,3727.34,,1443.69,475.83,,169104.3,174.62
2019-01,3994.97,1947.01,1517.49,489.52,,170914,178.98
2019-02,3939.07,1937.18,1509.84,489.04,,172979.4,179.07
2019-03,3957.82,1915.45,1492.91,493.96,,175817.6,180.84
2019-04,4056.44,1955.03,1521.69,500.28,,178372.2,183.07
2019-05,4247.64,1989.73,1536.74,509.3,,179623.4,186.06
2019-06,4490.16,2095.61,1609.52,521.56,,179802.3,190.43
2019-07,4567.84,2171.36,1627.74,528.6,,180579.3,192.98
2019-08,4568.74,2129.32,1596.2,536.42,,181144.1,195.49
2019-09,4596.98,2116.79,1585.7,541,,181199,197.73
2019-10,4883.16,2107.98,1577.66,554.25,,182373.2,202.6
2019-11,4953,2165.04,1620.36,564.55,,180221.7,205.24
2019-12,5184.22,2235.61,1661.36,571.63,,179350.8,207.86
2020-01,5245.6,2445.6,1811.68,578.19,,182689.9,210.09
2020-02,4750.17,2264.1,1677.23,573.25,,181311.3,208.66
2020-03,4284.51,1913.08,1417.18,567.5,,184642.5,206.36
2020-04,4526.59,2029.53,1498.34,592.76,,183525.3,215.13
2020-05,4702.49,2109.69,1550.3,611.96,,185236.5,221.5
2020-06,4737.97,2245.77,1637.9,608.44,,182667.5,220.63
2020-07,5146.69,2419.64,1753.89,611.09,,188466,221.64
2020-08,5248.26,2477.27,1787.09,609.98,,189603.3,221.42
2020-09,5146.23,2504.92,1802.15,607.55,,191913.6,220.87
2020-10,4845.13,2418.59,1734.66,612.17,,196634.7,222.35
2020-11,5596.77,2682.03,1913.77,620.85,,199589.7,225.29
2020-12,5952.8,2733.64,1940.77,620.45,128.3,205220.2,225.38
2021-01,5932.63,2822.85,2004.13,614.93,128.35,207570,223.7
2021-02,6058.56,2871.21,2038.45,603.73,127.92,211396.4,220.2
2021-03,6411.72,2898.07,2057.51,600.12,127.49,217665.5,219.03
2021-04,6415.85,2888.3,2040.3,603.9,127.66,220921.9,219.89
2021-05,6865.79,3012.53,2110.75,605.25,127.98,224214,218.95
2021-06,7103.76,3024.94,2112.68,603.89,127.7,229635.5,218.22
2021-07,7096.15,3009.12,2057.23,614.19,128.06,235973.3,221.22
2021-08,7373.45,3189.42,2180.49,614.22,128.75,237794,221.5
2021-09,7743.94,3128.35,2123.97,607.8,128.6,242711.3,219.67
2021-10,7865.13,3252.84,2204.82,586.73,127.31,248335.6,213.28
2021-11,7373.48,3078.75,2086.82,584.3,126.22,252660.2,212.18
2021-12,7250.04,2975.26,2002.87,589.78,128.59,257412.9,214.69
2022-01,6794.02,2670,1792.33,564.69,126.46,262494.8,207.03
2022-02,4754.32,1996.23,1340.04,479.03,117.72,265189.8,180.16
2022-03,5202.78,2309.88,1550.59,519.32,116.72,276245.8,190.77
2022-04,4705.62,2055.37,1379.75,563.04,124.55,283098.9,205.94
2022-05,4544.33,1963.34,1317.96,579.27,127.12,288819.8,211.47
2022-06,4256.3,1915.22,1275.7,607.78,132.54,274767.5,221.43
2022-07,4323.46,2031.79,1329.37,618.24,135.87,270646.3,225.77
2022-08,4687.26,2115.27,1383.99,616.73,136.81,269102.9,225.77
2022-09,3832.96,1584.85,1036.62,579.01,133.2,271231.8,214.01
2022-10,4429.18,1897.79,1238.21,603.16,138.7,268979.7,222.93
2022-11,4445.38,1902.86,1241.45,608.71,139.31,261877.4,224.71
2022-12,4548.82,1842.06,1201.79,611.72,140.83,257917.8,226.19
2023-01,4712.84,2027.1,1319.3,614.74,141.64,254632.4,227.32
2023-02,4771.2,2068.93,1346.52,611.99,142.01,255862.6,226.75
2023-03,5189.44,2288.53,1489.44,617.39,143.24,255997.4,228.75
2023-04,5585.84,2496.61,1620.9,623.43,144.39,255211,230.84
2023-05,5885.95,2617.93,1699.33,628.53,146.04,261092.4,232.93
2023-06,6151.53,2727.14,1769.62,626.37,146.97,265953.3,232.74
2023-07,6805.15,3120.53,2010.95,623.11,147.14,265211.8,231.94
2023-08,7147.21,3296.06,2124.04,613.04,145.39,272182.8,228.5
2023-09,6937.46,3127.26,2012.58,595.07,142.83,277555.5,222.68
2023-10,7117.04,3181.78,2047.66,590.69,141.98,281601.2,221.24
2023-11,7038.83,3062.93,1971.16,617.69,143.98,286436.1,229.13
2023-12,6997.68,3017.05,1929.13,616.37,145.31,285189.6,229.42
2024-01,7302.35,3228.12,2060,621.86,145.96,287834,231.13
2024-02,7399.15,3179.95,2029.26,614.86,147.04,288000.5,229.7
2024-03,7582.21,3310.19,2112.36,601.18,147.3,294482.1,225.92
2024-04,7895.13,3507.95,2237.9,598.33,148.17,300327,225.49
2024-05,7412.1,3192.11,2025.96,570.78,146.27,297262.3,216.96
2024-06,7312.25,3202.66,2023.4,571.34,145.57,303081.3,216.86
2024-07,7048.73,2927.83,1833.44,562.47,146.17,295107.4,214.58
2024-08,6348.43,2521.79,1579.16,563.02,146.66,294137.9,214.84
2024-09,6862.15,2712.84,1681.62,559.41,146.92,297128.5,213.86
2024-10,6191.65,2394.22,1481.55,536.53,142.98,297386.4,205.84
2024-11,6243.84,2360.31,1459.73,554,143,299063.4,213.49
2024-12,7112.22,2673.9,1610.37,603.39,151,300228.6,225.61
2025-01,7306.68,2753.33,1657.4,592.69,154,296801.5,225.94
2025-02,7932.19,2922.78,1759.4,619.81,158,299713.3,234.37
2025-03,7468.42,2739.15,1648.86,632.42,161,310363,242.55
2025-04,7260.46,2555.7,1536.19,633.3,164,306127.4,242.42
2025-05,7044.2,2451.52,1468,650.15,168,308049.2,246.9
2025-06,7220.37,2515.29,1500.63,686.13,174,307418.6,259.55
2025-07,7163.29,2567.53,1513.06,716.77,181,303805,272.04
2025-08,7603.98,2743.06,1610.99,721.48,184,307783,276.96
2025-09,7052.01,2466.5,1439.53,701.76,183.49,319102.8,271.85
2025-10,6671.92,2310.43,1343.02,714.6,186,322070,273.37
2025-11,7071.45,2447.56,1421.14,728.42,188.71,324479.8,279.54
2025-12,7321.15,2490.51,1417.54,742.7,191,330049.4,282.5
2026-01,7487.4,2609.38,1484.13,741.51,194,335742,283.83
2026-02,7531.54,2625.03,1493.04,756.13,196.28,341774.9,289.23
2026-03,7470.27,2459.23,1398.49,770.15,200.28,345749.8,295.38
2026-04,7125.92,2355.65,1339.59,780.67,203.66,350149.8,298.66
2026-05,7006.25,2288.34,1280.94,782.19,206,365417,300.41
2026-06,6421.42,2069,1150.02,754.84,206,374293.3,291.68
2026-07,6345.85,2146.01,1159.23,774.04,208,376573,298.38
2026-08,6219.1,2101.22,1129.25,773.09,210,390663.2,298.5
2026-09,6503.37,2088.89,1122.63,765.58,211,391239.3,297.15
